[
  {
    "value": "Village",
    "synonyms": [
      "Village"
    ]
  },
  {
    "value": "Country",
    "synonyms": [
      "Country"
    ]
  },
  {
    "value": "Gmail",
    "synonyms": [
      "Gmail"
    ]
  },
  {
    "value": "Contact-Us",
    "synonyms": [
      "Contact-Us"
    ]
  },
  {
    "value": "State",
    "synonyms": [
      "State"
    ]
  },
  {
    "value": "Phone",
    "synonyms": [
      "Phone"
    ]
  },
  {
    "value": "Call",
    "synonyms": [
      "Call"
    ]
  },
  {
    "value": "Mail",
    "synonyms": [
      "Mail"
    ]
  },
  {
    "value": "Mandal",
    "synonyms": [
      "Mandal"
    ]
  },
  {
    "value": "City",
    "synonyms": [
      "City"
    ]
  },
  {
    "value": "Fax",
    "synonyms": [
      "Fax"
    ]
  },
  {
    "value": "District",
    "synonyms": [
      "District"
    ]
  },
  {
    "value": "Email",
    "synonyms": [
      "Email"
    ]
  },
  {
    "value": "Pincode",
    "synonyms": [
      "Pincode"
    ]
  },
  {
    "value": "Mobile",
    "synonyms": [
      "Mobile"
    ]
  }
]