[
  {
    "value": "Sri Nidamanuri Educational Society",
    "synonyms": [
      "Sri Nidamanuri Educational Society",
      "SNES",
      "snes"
    ]
  },
  {
    "value": "QISE",
    "synonyms": [
      "QISE",
      "qis educational institutions",
      "qis institutions",
      "qis college of education",
      "qise"
    ]
  },
  {
    "value": "Q I S Degree \u0026 PG College",
    "synonyms": [
      "Q I S Degree \u0026 PG College",
      "QIS Degree \u0026 PG College",
      "QIS Degree and PG College",
      "Q I S degree college",
      "QIS Degree College",
      "Q I S PG College",
      "QIS PG College",
      "QIS PG",
      "QIS Degree",
      "qis pg college",
      "qis degree college"
    ]
  },
  {
    "value": "Q I S Institute of Technology",
    "synonyms": [
      "Q I S Institute of Technology",
      "qisit",
      "QIS IT",
      "Q I S IT",
      "Q I Sit",
      "qis institute of technology",
      "QIS Institute of Technology"
    ]
  },
  {
    "value": "Q I S High School",
    "synonyms": [
      "Q I S High School",
      "Qis high school",
      "qish",
      "QISH"
    ]
  },
  {
    "value": "Q I S Public School",
    "synonyms": [
      "Q I S Public School",
      "qis public school"
    ]
  },
  {
    "value": "Q I S Public School",
    "synonyms": [
      "Q I S Public School",
      "qis public school",
      "QIS School",
      "QIS school",
      "QISC",
      "qisc"
    ]
  },
  {
    "value": "Q I S",
    "synonyms": [
      "Q I S",
      "qis",
      "QIS",
      "Qis"
    ]
  },
  {
    "value": "Q I S College of Engineering and Technology",
    "synonyms": [
      "Q I S College of Engineering and Technology",
      "QIS College of Engineering \u0026 Technology",
      "QIS College of Engineering and Technology",
      "QISCET",
      "QIS CET",
      "Q I S College of Engineering and Technology",
      "qis College of Engineering and technology",
      "qis College of Engineering and Technology",
      "qiscet"
    ]
  },
  {
    "value": "Q I S College of Pharmacy",
    "synonyms": [
      "Q I S College of Pharmacy",
      "qiscp",
      "QIS College of Pharmacy",
      "Q I S Pharmacy",
      "QIS Pharmacy",
      "QISP",
      "qis pharmacy"
    ]
  }
]