[
  {
    "value": "People",
    "synonyms": [
      "People",
      "PEOPLE"
    ]
  },
  {
    "value": "Persons",
    "synonyms": [
      "Persons"
    ]
  },
  {
    "value": "Principal",
    "synonyms": [
      "Principal",
      "principal"
    ]
  },
  {
    "value": "President",
    "synonyms": [
      "President",
      "president",
      "PRESIDENT"
    ]
  },
  {
    "value": "Correspondent",
    "synonyms": [
      "Correspondent"
    ]
  },
  {
    "value": "Chairman",
    "synonyms": [
      "Chairman",
      "chairman",
      "CHAIRMAN"
    ]
  },
  {
    "value": "Secretary",
    "synonyms": [
      "Secretary"
    ]
  }
]