[
  {
    "id": "25c7d338-4050-4e7f-a02b-3a066a635ca9",
    "data": [
      {
        "text": "principal",
        "alias": "person",
        "meta": "@persons",
        "userDefined": false
      },
      {
        "text": " of ",
        "userDefined": false
      },
      {
        "text": "qiscet",
        "alias": "Ins",
        "meta": "@Institution-category",
        "userDefined": false
      }
    ],
    "isTemplate": false,
    "count": 0,
    "updated": 1524064243
  },
  {
    "id": "ba0c987b-cf84-4a16-bef9-0b1866f3cc54",
    "data": [
      {
        "text": "who is the ",
        "userDefined": false
      },
      {
        "text": "principal",
        "alias": "person",
        "meta": "@persons",
        "userDefined": false
      },
      {
        "text": " of ",
        "userDefined": false
      },
      {
        "text": "qis public school",
        "alias": "Ins",
        "meta": "@Institution-category",
        "userDefined": false
      }
    ],
    "isTemplate": false,
    "count": 0,
    "updated": 1524064243
  },
  {
    "id": "1b81057d-020e-44c8-90ab-ddfcc6c8d799",
    "data": [
      {
        "text": "secretary",
        "alias": "person",
        "meta": "@persons",
        "userDefined": false
      }
    ],
    "isTemplate": false,
    "count": 1,
    "updated": 1524064243
  },
  {
    "id": "448a118c-271c-426b-8be6-bcdbdc10dffc",
    "data": [
      {
        "text": "chairman",
        "alias": "person",
        "meta": "@persons",
        "userDefined": false
      }
    ],
    "isTemplate": false,
    "count": 0,
    "updated": 1524064243
  },
  {
    "id": "d1f0c508-e87e-486b-a19b-6fdab7e6ba58",
    "data": [
      {
        "text": "principal",
        "alias": "person",
        "meta": "@persons",
        "userDefined": false
      },
      {
        "text": " of ",
        "userDefined": false
      },
      {
        "text": "QISIT",
        "alias": "Ins",
        "meta": "@Institution-category",
        "userDefined": false
      }
    ],
    "isTemplate": false,
    "count": 0,
    "updated": 1524064243
  },
  {
    "id": "0a3f7679-76cf-44a4-9438-34e6b6297e75",
    "data": [
      {
        "text": "persons",
        "alias": "person",
        "meta": "@persons",
        "userDefined": false
      },
      {
        "text": " behind ",
        "userDefined": false
      },
      {
        "text": "qise",
        "alias": "Ins",
        "meta": "@Institution-category",
        "userDefined": false
      }
    ],
    "isTemplate": false,
    "count": 0,
    "updated": 1524064243
  },
  {
    "id": "76990f83-a09b-43a8-9fa8-4a11b71faca3",
    "data": [
      {
        "text": "who are the ",
        "userDefined": false
      },
      {
        "text": "persons",
        "alias": "person",
        "meta": "@persons",
        "userDefined": false
      },
      {
        "text": " behind ",
        "userDefined": false
      },
      {
        "text": "QISCET",
        "alias": "Ins",
        "meta": "@Institution-category",
        "userDefined": false
      }
    ],
    "isTemplate": false,
    "count": 0,
    "updated": 1524064243
  },
  {
    "id": "19199685-129f-4508-aad2-206233d8d3b3",
    "data": [
      {
        "text": "president",
        "alias": "person",
        "meta": "@persons",
        "userDefined": false
      }
    ],
    "isTemplate": false,
    "count": 0,
    "updated": 1524064243
  },
  {
    "id": "b475018a-6666-4589-ae7b-65b2497b8ba9",
    "data": [
      {
        "text": "tell me about ",
        "userDefined": false
      },
      {
        "text": "qis institute of technology",
        "alias": "Ins",
        "meta": "@Institution-category",
        "userDefined": false
      },
      {
        "text": " ",
        "userDefined": false
      },
      {
        "text": "principal",
        "alias": "person",
        "meta": "@persons",
        "userDefined": false
      }
    ],
    "isTemplate": false,
    "count": 0,
    "updated": 1524064243
  },
  {
    "id": "71e362c3-1364-41f9-bcc9-65dec3a52d46",
    "data": [
      {
        "text": "who is the ",
        "userDefined": false
      },
      {
        "text": "principal",
        "alias": "person",
        "meta": "@persons",
        "userDefined": false
      },
      {
        "text": " of ",
        "userDefined": false
      },
      {
        "text": "qiscet",
        "alias": "Ins",
        "meta": "@Institution-category",
        "userDefined": false
      }
    ],
    "isTemplate": false,
    "count": 0,
    "updated": 1524064243
  }
]