[
  {
    "id": "7f6b6d9a-9779-42e1-8dc3-953f35a85056",
    "data": [
      {
        "text": "what\u0027s your name?",
        "userDefined": false
      }
    ],
    "isTemplate": false,
    "count": 0,
    "updated": 1521015392
  },
  {
    "id": "b7251872-8fe5-4f5b-946d-9e6601f8a908",
    "data": [
      {
        "text": "I am exited to know your ",
        "userDefined": false
      },
      {
        "text": "name",
        "alias": "Name",
        "meta": "@Name",
        "userDefined": false
      },
      {
        "text": "!",
        "userDefined": false
      }
    ],
    "isTemplate": false,
    "count": 0,
    "updated": 1521015392
  },
  {
    "id": "dff0b7a5-3f44-4a31-8e6b-037c93a9e7bd",
    "data": [
      {
        "text": "say your ",
        "userDefined": false
      },
      {
        "text": "name",
        "alias": "Name",
        "meta": "@Name",
        "userDefined": false
      },
      {
        "text": ",please!",
        "userDefined": false
      }
    ],
    "isTemplate": false,
    "count": 0,
    "updated": 1521015392
  },
  {
    "id": "cf8cea68-aa0d-4e39-b2d0-fb7ec10dad1f",
    "data": [
      {
        "text": "name",
        "alias": "Name",
        "meta": "@Name",
        "userDefined": false
      }
    ],
    "isTemplate": false,
    "count": 0,
    "updated": 1521015392
  },
  {
    "id": "967891fd-e04f-4fa7-a2a3-c32342962039",
    "data": [
      {
        "text": "How can I ",
        "userDefined": false
      },
      {
        "text": "call",
        "alias": "Name",
        "meta": "@Name",
        "userDefined": true
      },
      {
        "text": " you?",
        "userDefined": false
      }
    ],
    "isTemplate": false,
    "count": 0,
    "updated": 1521015392
  },
  {
    "id": "507d06c4-fed0-4a03-a474-1c0555c2f64a",
    "data": [
      {
        "text": "What is your ",
        "userDefined": false
      },
      {
        "text": "name",
        "alias": "Name",
        "meta": "@Name",
        "userDefined": false
      },
      {
        "text": "?",
        "userDefined": false
      }
    ],
    "isTemplate": false,
    "count": 0,
    "updated": 1521015392
  }
]