[
  {
    "id": "80258ce8-b2da-4507-85e4-48af59fc3916",
    "data": [
      {
        "text": "Good morning!",
        "userDefined": false
      }
    ],
    "isTemplate": false,
    "count": 0,
    "updated": 1522683999
  },
  {
    "id": "ab778944-e30f-40e7-8924-fa41bac995b3",
    "data": [
      {
        "text": "Good evening!",
        "userDefined": false
      }
    ],
    "isTemplate": false,
    "count": 0,
    "updated": 1522683999
  },
  {
    "id": "2ba4ddb8-5dbf-41f2-b2c3-c6078d8047be",
    "data": [
      {
        "text": "Hello",
        "userDefined": false
      }
    ],
    "isTemplate": false,
    "count": 0,
    "updated": 1522683999
  },
  {
    "id": "bb4c5f15-fa70-4ee4-a126-9bf9d748724f",
    "data": [
      {
        "text": "Good ",
        "userDefined": false
      },
      {
        "text": "afternoon!",
        "meta": "@sys.ignore",
        "userDefined": true
      }
    ],
    "isTemplate": false,
    "count": 0,
    "updated": 1522683999
  },
  {
    "id": "2d201460-fc11-4232-992e-0de2c3bfa6f9",
    "data": [
      {
        "text": "Hi",
        "userDefined": false
      }
    ],
    "isTemplate": false,
    "count": 0,
    "updated": 1522683999
  }
]