[
  {
    "id": "1ff82b1f-939b-4e41-b329-84dac8e0ff5f",
    "data": [
      {
        "text": "I don\u0027t want to know anything!",
        "userDefined": false
      }
    ],
    "isTemplate": false,
    "count": 0,
    "updated": 1519208557
  },
  {
    "id": "7e44b3bc-fead-464b-a673-93949fba19e1",
    "data": [
      {
        "text": "nothing!",
        "userDefined": false
      }
    ],
    "isTemplate": false,
    "count": 0,
    "updated": 1519208557
  },
  {
    "id": "00c7ba81-1bab-4d8d-b26c-979cae634c46",
    "data": [
      {
        "text": "I don\u0027t think so",
        "userDefined": false
      }
    ],
    "isTemplate": false,
    "count": 0,
    "updated": 1519208557
  },
  {
    "id": "a2fc8dd6-ff9d-4c8b-ae8a-690990c7b702",
    "data": [
      {
        "text": "I don\u0027t want that",
        "userDefined": false
      }
    ],
    "isTemplate": false,
    "count": 0,
    "updated": 1519208557
  },
  {
    "id": "c4c7ff9b-a744-47b9-92eb-a909d06b8ee8",
    "data": [
      {
        "text": "definitely not",
        "userDefined": false
      }
    ],
    "isTemplate": false,
    "count": 1,
    "updated": 1519208557
  },
  {
    "id": "f8b99abc-c81b-423a-bf8f-631d9c277ee3",
    "data": [
      {
        "text": "not really",
        "userDefined": false
      }
    ],
    "isTemplate": false,
    "count": 0,
    "updated": 1519208557
  },
  {
    "id": "82afcbe0-b10b-4374-b8af-19b310318f9c",
    "data": [
      {
        "text": "not interested",
        "userDefined": false
      }
    ],
    "isTemplate": false,
    "count": 0,
    "updated": 1519208557
  },
  {
    "id": "fb0507d1-38ba-4614-9c71-5f83139e2c6d",
    "data": [
      {
        "text": "thanks but no",
        "userDefined": false
      }
    ],
    "isTemplate": false,
    "count": 0,
    "updated": 1519208557
  },
  {
    "id": "48a30a32-a0cd-4d3e-9e41-62f13fdc541e",
    "data": [
      {
        "text": "I disagree",
        "userDefined": false
      }
    ],
    "isTemplate": false,
    "count": 2,
    "updated": 1519208557
  },
  {
    "id": "5f3915dc-638e-4375-9036-c7a0066159d8",
    "data": [
      {
        "text": "no",
        "userDefined": false
      }
    ],
    "isTemplate": false,
    "count": 1,
    "updated": 1519208557
  },
  {
    "id": "52ff7ba5-5c4d-4493-b6fc-2444df4b9e22",
    "data": [
      {
        "text": "don\u0027t do it",
        "userDefined": false
      }
    ],
    "isTemplate": false,
    "count": 0,
    "updated": 1519208557
  }
]