[
  {
    "id": "ef1a45a5-97b1-4de8-8444-8390c2a357af",
    "data": [
      {
        "text": "that\u0027s correct",
        "userDefined": false
      }
    ],
    "isTemplate": false,
    "count": 0,
    "updated": 1519222966
  },
  {
    "id": "f88ed9d8-b4c0-474b-965f-3cbb0e925002",
    "data": [
      {
        "text": "of course",
        "userDefined": false
      }
    ],
    "isTemplate": false,
    "count": 0,
    "updated": 1519222966
  },
  {
    "id": "cc733124-0de9-4302-8e28-ab5f16e4d936",
    "data": [
      {
        "text": "I agree",
        "userDefined": false
      }
    ],
    "isTemplate": false,
    "count": 1,
    "updated": 1519222966
  },
  {
    "id": "dea1ee48-35c3-4a19-8d44-714110a92396",
    "data": [
      {
        "text": "sounds good",
        "userDefined": false
      }
    ],
    "isTemplate": false,
    "count": 0,
    "updated": 1519222966
  },
  {
    "id": "b196ae90-8a42-426c-af47-122f8736f0bb",
    "data": [
      {
        "text": "exactly",
        "userDefined": false
      }
    ],
    "isTemplate": false,
    "count": 0,
    "updated": 1519222966
  },
  {
    "id": "713af831-d2f0-490b-b684-1f79e76a1452",
    "data": [
      {
        "text": "yes",
        "userDefined": false
      }
    ],
    "isTemplate": false,
    "count": 0,
    "updated": 1519222966
  },
  {
    "id": "8e68d097-ddfa-4a47-a6ee-3ec9fb6d2842",
    "data": [
      {
        "text": "do it",
        "userDefined": false
      }
    ],
    "isTemplate": false,
    "count": 1,
    "updated": 1519222966
  },
  {
    "id": "c548f9c6-3aa0-4684-bacf-f6b61b8c6d8b",
    "data": [
      {
        "text": "ok",
        "userDefined": false
      }
    ],
    "isTemplate": false,
    "count": 0,
    "updated": 1519222966
  },
  {
    "id": "dcab3c7f-4d84-4945-941f-e52f8c6d24a5",
    "data": [
      {
        "text": "confirm",
        "userDefined": false
      }
    ],
    "isTemplate": false,
    "count": 1,
    "updated": 1519222966
  },
  {
    "id": "0a007357-c3dc-42fd-8a75-fbd52a8d5fa2",
    "data": [
      {
        "text": "sure",
        "userDefined": false
      }
    ],
    "isTemplate": false,
    "count": 2,
    "updated": 1519222966
  },
  {
    "id": "0b08a59d-f058-4ff0-80a4-0f6ed186d1a9",
    "data": [
      {
        "text": "okay",
        "userDefined": false
      }
    ],
    "isTemplate": false,
    "count": 0,
    "updated": 1505507989
  }
]