[
  {
    "id": "bd88e18d-c874-410b-9394-fef5f9a1e31d",
    "data": [
      {
        "text": "I did not understand!",
        "userDefined": false
      }
    ],
    "isTemplate": false,
    "count": 0,
    "updated": 1522661199
  },
  {
    "id": "2292b056-0e07-422a-a084-a3905116cd2c",
    "data": [
      {
        "text": "help",
        "userDefined": false
      }
    ],
    "isTemplate": false,
    "count": 0,
    "updated": 1522661199
  },
  {
    "id": "3ac962e6-8f7a-4a9e-a0bf-8b19a396fa90",
    "data": [
      {
        "text": "what you can do?",
        "userDefined": false
      }
    ],
    "isTemplate": false,
    "count": 0,
    "updated": 1522661199
  },
  {
    "id": "0c964057-1de7-4acb-a3ea-108f7d01872d",
    "data": [
      {
        "text": "I need help!",
        "userDefined": false
      }
    ],
    "isTemplate": false,
    "count": 0,
    "updated": 1522661199
  },
  {
    "id": "2b31403a-4152-4e26-9041-f6669f72547f",
    "data": [
      {
        "text": "what can I expect from you?",
        "userDefined": false
      }
    ],
    "isTemplate": false,
    "count": 0,
    "updated": 1522661199
  },
  {
    "id": "5621c244-0e31-40c4-827d-43f2ec08edc7",
    "data": [
      {
        "text": "help me",
        "userDefined": false
      }
    ],
    "isTemplate": false,
    "count": 0,
    "updated": 1522661199
  }
]