[
  {
    "id": "5a3456e9-a35e-4702-a0fc-547f6aa3e2d6",
    "data": [
      {
        "text": "stop",
        "userDefined": false
      }
    ],
    "isTemplate": false,
    "count": 0,
    "updated": 1521200728
  },
  {
    "id": "d780fa07-c36f-4e9c-bba0-16104062f45f",
    "data": [
      {
        "text": "Please,stop!",
        "userDefined": false
      }
    ],
    "isTemplate": false,
    "count": 0,
    "updated": 1521200728
  },
  {
    "id": "99545109-4a56-4a94-808b-5f51d4933d0c",
    "data": [
      {
        "text": "I do not want to hear about anything!",
        "userDefined": false
      }
    ],
    "isTemplate": false,
    "count": 0,
    "updated": 1521200728
  },
  {
    "id": "f794bda7-87ee-4564-b1a2-993cd8656066",
    "data": [
      {
        "text": "See you soon",
        "userDefined": false
      }
    ],
    "isTemplate": false,
    "count": 0,
    "updated": 1521200728
  },
  {
    "id": "2834b832-937a-47dc-ad21-af706d07e294",
    "data": [
      {
        "text": "Bye Bye",
        "userDefined": false
      }
    ],
    "isTemplate": false,
    "count": 0,
    "updated": 1521200728
  },
  {
    "id": "fe780d02-3512-4670-b5e5-d0d87af8adcd",
    "data": [
      {
        "text": "I am done now",
        "userDefined": false
      }
    ],
    "isTemplate": false,
    "count": 0,
    "updated": 1521200728
  },
  {
    "id": "02411e3d-4bb3-4612-bc6e-4f33c79cb16e",
    "data": [
      {
        "text": "Good Bye",
        "userDefined": false
      }
    ],
    "isTemplate": false,
    "count": 0,
    "updated": 1521200728
  },
  {
    "id": "200a397e-c0ee-4be7-8631-1d2b66b792ce",
    "data": [
      {
        "text": "Bye",
        "userDefined": false
      }
    ],
    "isTemplate": false,
    "count": 0,
    "updated": 1521200728
  },
  {
    "id": "c38b5396-1047-4026-880d-b3d09cf807eb",
    "data": [
      {
        "text": "Bye!",
        "userDefined": false
      }
    ],
    "isTemplate": false,
    "count": 0,
    "updated": 1521200728
  }
]