[
  {
    "id": "e3f20b03-c81d-40a4-8c11-acc41c4f22bd",
    "data": [
      {
        "text": "Show ",
        "userDefined": false
      },
      {
        "text": "courses",
        "alias": "Courses",
        "meta": "@Courses-Offered",
        "userDefined": false
      },
      {
        "text": " of ",
        "userDefined": false
      },
      {
        "text": "QISCET",
        "alias": "Ins",
        "meta": "@Institution-category",
        "userDefined": false
      }
    ],
    "isTemplate": false,
    "count": 0,
    "updated": 1524549879
  },
  {
    "id": "5e52abe5-7a16-42ab-9bb2-ab00700a3095",
    "data": [
      {
        "text": "I\u0027d like to see what are ",
        "userDefined": false
      },
      {
        "text": "courses offered",
        "alias": "Courses",
        "meta": "@Courses-Offered",
        "userDefined": false
      },
      {
        "text": " by ",
        "userDefined": false
      },
      {
        "text": "QISIT",
        "alias": "Ins",
        "meta": "@Institution-category",
        "userDefined": false
      }
    ],
    "isTemplate": false,
    "count": 0,
    "updated": 1524549879
  },
  {
    "id": "d69b6292-fc49-45fd-9972-c99f25b9ab2f",
    "data": [
      {
        "text": "QIS Degree \u0026 PG College",
        "alias": "Ins",
        "meta": "@Institution-category",
        "userDefined": false
      },
      {
        "text": " ",
        "userDefined": false
      },
      {
        "text": "courses",
        "alias": "Courses",
        "meta": "@Courses-Offered",
        "userDefined": false
      }
    ],
    "isTemplate": false,
    "count": 0,
    "updated": 1524549879
  },
  {
    "id": "5a834306-589e-4ef9-920b-ce6bca5b8e12",
    "data": [
      {
        "text": "can you show ",
        "userDefined": false
      },
      {
        "text": "offered courses",
        "alias": "Courses",
        "meta": "@Courses-Offered",
        "userDefined": false
      },
      {
        "text": " of ",
        "userDefined": false
      },
      {
        "text": "QIS Pharmacy",
        "alias": "Ins",
        "meta": "@Institution-category",
        "userDefined": false
      }
    ],
    "isTemplate": false,
    "count": 0,
    "updated": 1524549879
  },
  {
    "id": "4d6c136b-7016-4308-8041-4af15cbbb780",
    "data": [
      {
        "text": "QIS Degree College",
        "alias": "Ins",
        "meta": "@Institution-category",
        "userDefined": false
      },
      {
        "text": " ",
        "userDefined": false
      },
      {
        "text": "Courses",
        "alias": "Courses",
        "meta": "@Courses-Offered",
        "userDefined": false
      }
    ],
    "isTemplate": false,
    "count": 1,
    "updated": 1524549879
  },
  {
    "id": "bf750863-eab9-449c-bd8b-0b07f21bf345",
    "data": [
      {
        "text": "Please,show about ",
        "userDefined": false
      },
      {
        "text": "courses",
        "alias": "Courses",
        "meta": "@Courses-Offered",
        "userDefined": false
      },
      {
        "text": " of ",
        "userDefined": false
      },
      {
        "text": "qisit",
        "alias": "Ins",
        "meta": "@Institution-category",
        "userDefined": false
      }
    ],
    "isTemplate": false,
    "count": 0,
    "updated": 1524549879
  },
  {
    "id": "d58a889e-6375-4b0f-9f50-11c4f29e978d",
    "data": [
      {
        "text": "Qis College of Engineering \u0026 Technology",
        "alias": "Ins",
        "meta": "@Institution-category",
        "userDefined": false
      },
      {
        "text": " ",
        "userDefined": false
      },
      {
        "text": "courses",
        "alias": "Courses",
        "meta": "@Courses-Offered",
        "userDefined": false
      }
    ],
    "isTemplate": false,
    "count": 0,
    "updated": 1524549879
  }
]