[
  {
    "id": "0c41db66-cd90-4b68-b0ea-1c22223a8ae9",
    "data": [
      {
        "text": "qiscet",
        "alias": "Ins",
        "meta": "@Institution-category",
        "userDefined": false
      },
      {
        "text": " ",
        "userDefined": false
      },
      {
        "text": "quick brief",
        "alias": "Quick-Brief",
        "meta": "@Quick-Brief",
        "userDefined": false
      }
    ],
    "isTemplate": false,
    "count": 0,
    "updated": 1524151521
  },
  {
    "id": "b16d3a6b-efc5-44bf-aa97-af9e123f548e",
    "data": [
      {
        "text": "qisit",
        "alias": "Ins",
        "meta": "@Institution-category",
        "userDefined": false
      },
      {
        "text": " ",
        "userDefined": false
      },
      {
        "text": "quick brief",
        "alias": "Quick-Brief",
        "meta": "@Quick-Brief",
        "userDefined": false
      }
    ],
    "isTemplate": false,
    "count": 0,
    "updated": 1524151521
  },
  {
    "id": "50519d50-d760-4e3a-8242-d0ea81782950",
    "data": [
      {
        "text": "I\u0027d like to know ",
        "userDefined": false
      },
      {
        "text": "quick brief",
        "alias": "Quick-Brief",
        "meta": "@Quick-Brief",
        "userDefined": false
      },
      {
        "text": " of ",
        "userDefined": false
      },
      {
        "text": "QIS It",
        "alias": "Ins",
        "meta": "@Institution-category",
        "userDefined": false
      }
    ],
    "isTemplate": false,
    "count": 0,
    "updated": 1524151521
  },
  {
    "id": "a708d8d6-f08b-4258-970e-ba91611f9d08",
    "data": [
      {
        "text": "tell me ",
        "userDefined": false
      },
      {
        "text": "quick information",
        "alias": "Quick-Brief",
        "meta": "@Quick-Brief",
        "userDefined": false
      }
    ],
    "isTemplate": false,
    "count": 1,
    "updated": 1524151521
  },
  {
    "id": "34a7a36f-587e-4f43-849c-a9ad466c1924",
    "data": [
      {
        "text": "Quick brief",
        "alias": "Quick-Brief",
        "meta": "@Quick-Brief",
        "userDefined": false
      },
      {
        "text": " of ",
        "userDefined": false
      },
      {
        "text": "Qis pharmacy",
        "alias": "Ins",
        "meta": "@Institution-category",
        "userDefined": false
      }
    ],
    "isTemplate": false,
    "count": 0,
    "updated": 1524151521
  }
]