[
  {
    "id": "550e4a8e-9484-4cbb-8379-71786551c7e7",
    "data": [
      {
        "text": "what is ",
        "userDefined": false
      },
      {
        "text": "vision",
        "alias": "Vision",
        "meta": "@Vision",
        "userDefined": false
      },
      {
        "text": " of ",
        "userDefined": false
      },
      {
        "text": "QIS Pharmacy",
        "alias": "Ins",
        "meta": "@Institution-category",
        "userDefined": false
      },
      {
        "text": "?",
        "userDefined": false
      }
    ],
    "isTemplate": false,
    "count": 0,
    "updated": 1525792894
  },
  {
    "id": "01bd8144-07d4-46d0-880f-0326f4f9761a",
    "data": [
      {
        "text": "vision",
        "alias": "Vision",
        "meta": "@Vision",
        "userDefined": false
      },
      {
        "text": " of ",
        "userDefined": false
      },
      {
        "text": "qis pharmacy",
        "alias": "Ins",
        "meta": "@Institution-category",
        "userDefined": false
      }
    ],
    "isTemplate": false,
    "count": 0,
    "updated": 1525792894
  },
  {
    "id": "af801a68-9a07-47bd-8cfd-c53798cf05f6",
    "data": [
      {
        "text": "qisit",
        "alias": "Ins",
        "meta": "@Institution-category",
        "userDefined": false
      },
      {
        "text": " ",
        "userDefined": false
      },
      {
        "text": "vision",
        "alias": "Vision",
        "meta": "@Vision",
        "userDefined": false
      }
    ],
    "isTemplate": false,
    "count": 0,
    "updated": 1525792894
  },
  {
    "id": "b3d6e0e3-8dfa-4c39-8bfc-f9eedf047953",
    "data": [
      {
        "text": "tell the ",
        "userDefined": false
      },
      {
        "text": "vision",
        "alias": "Vision",
        "meta": "@Vision",
        "userDefined": false
      },
      {
        "text": " of ",
        "userDefined": false
      },
      {
        "text": "Q I S College of Engineering \u0026 Technology",
        "alias": "Ins",
        "meta": "@Institution-category",
        "userDefined": false
      }
    ],
    "isTemplate": false,
    "count": 0,
    "updated": 1525792894
  },
  {
    "id": "78893e4b-d1b2-4f2e-95f7-a7cb28705d02",
    "data": [
      {
        "text": "vision",
        "alias": "Vision",
        "meta": "@Vision",
        "userDefined": false
      },
      {
        "text": " of ",
        "userDefined": false
      },
      {
        "text": "qiscet",
        "alias": "Ins",
        "meta": "@Institution-category",
        "userDefined": false
      }
    ],
    "isTemplate": false,
    "count": 0,
    "updated": 1525792894
  },
  {
    "id": "2c7dfa02-9b60-4d72-81af-981f1a113a40",
    "data": [
      {
        "text": "I\u0027d like to know about ",
        "userDefined": false
      },
      {
        "text": "Vision",
        "alias": "Vision",
        "meta": "@Vision",
        "userDefined": false
      },
      {
        "text": " of ",
        "userDefined": false
      },
      {
        "text": "QIS cet",
        "alias": "Ins",
        "meta": "@Institution-category",
        "userDefined": false
      }
    ],
    "isTemplate": false,
    "count": 1,
    "updated": 1525792894
  },
  {
    "id": "d2436ed0-d507-4e1e-9041-fc3b3e762730",
    "data": [
      {
        "text": "What is main ",
        "userDefined": false
      },
      {
        "text": "vision",
        "alias": "Vision",
        "meta": "@Vision",
        "userDefined": false
      },
      {
        "text": " of ",
        "userDefined": false
      },
      {
        "text": "QIS It",
        "alias": "Ins",
        "meta": "@Institution-category",
        "userDefined": false
      },
      {
        "text": "?",
        "userDefined": false
      }
    ],
    "isTemplate": false,
    "count": 0,
    "updated": 1525792894
  }
]