[
  {
    "id": "e0cf2d88-4397-431a-8d92-bb330d097ef9",
    "data": [
      {
        "text": "what is the main ",
        "userDefined": false
      },
      {
        "text": "mission",
        "alias": "Mission",
        "meta": "@Mission",
        "userDefined": false
      },
      {
        "text": " of ",
        "userDefined": false
      },
      {
        "text": "QISIT",
        "alias": "Ins",
        "meta": "@Institution-category",
        "userDefined": false
      },
      {
        "text": "?",
        "userDefined": false
      }
    ],
    "isTemplate": false,
    "count": 0,
    "updated": 1525892682
  },
  {
    "id": "4bef434a-7767-4aa0-b048-4feda1d917d8",
    "data": [
      {
        "text": "tell ",
        "userDefined": false
      },
      {
        "text": "mission",
        "alias": "Mission",
        "meta": "@Mission",
        "userDefined": false
      },
      {
        "text": " of ",
        "userDefined": false
      },
      {
        "text": "QISCET",
        "alias": "Ins",
        "meta": "@Institution-category",
        "userDefined": false
      }
    ],
    "isTemplate": false,
    "count": 0,
    "updated": 1525892682
  },
  {
    "id": "bab442f0-2b18-40f9-8c60-a7ecde11284a",
    "data": [
      {
        "text": "qiscet",
        "alias": "Ins",
        "meta": "@Institution-category",
        "userDefined": true
      },
      {
        "text": " ",
        "userDefined": false
      },
      {
        "text": "mission",
        "alias": "Mission",
        "meta": "@Mission",
        "userDefined": true
      }
    ],
    "isTemplate": false,
    "count": 0,
    "updated": 1525892682
  },
  {
    "id": "b44f97bf-faab-4def-93cb-954091c7f9f6",
    "data": [
      {
        "text": "I\u0027d like to hear about ",
        "userDefined": false
      },
      {
        "text": "mission",
        "alias": "Mission",
        "meta": "@Mission",
        "userDefined": false
      },
      {
        "text": " of ",
        "userDefined": false
      },
      {
        "text": "Q I S Pharmacy",
        "alias": "Ins",
        "meta": "@Institution-category",
        "userDefined": false
      }
    ],
    "isTemplate": false,
    "count": 0,
    "updated": 1525892682
  },
  {
    "id": "13f2dba7-de6d-43ba-a5a9-1e66c6e1ece2",
    "data": [
      {
        "text": "tell me about ",
        "userDefined": false
      },
      {
        "text": "mission",
        "alias": "Mission",
        "meta": "@Mission",
        "userDefined": false
      },
      {
        "text": " of ",
        "userDefined": false
      },
      {
        "text": "qiscet",
        "alias": "Ins",
        "meta": "@Institution-category",
        "userDefined": false
      }
    ],
    "isTemplate": false,
    "count": 0,
    "updated": 1525892682
  }
]