[
  {
    "id": "bd891779-2a2b-4d63-b7e7-a5c9e991d0e6",
    "data": [
      {
        "text": "snes",
        "alias": "Ins",
        "meta": "@Institution-category",
        "userDefined": false
      },
      {
        "text": " ",
        "userDefined": false
      },
      {
        "text": "full form",
        "alias": "fullforms",
        "meta": "@fullforms",
        "userDefined": false
      }
    ],
    "isTemplate": false,
    "count": 0,
    "updated": 1523713824
  },
  {
    "id": "08b01f1b-5a0a-4dba-a3a2-de65368cd956",
    "data": [
      {
        "text": "qis",
        "alias": "Ins",
        "meta": "@Institution-category",
        "userDefined": false
      },
      {
        "text": " ",
        "userDefined": false
      },
      {
        "text": "full form",
        "alias": "fullforms",
        "meta": "@fullforms",
        "userDefined": false
      }
    ],
    "isTemplate": false,
    "count": 1,
    "updated": 1523713824
  },
  {
    "id": "76881bfd-9d2f-45f8-8911-1f64916f4610",
    "data": [
      {
        "text": "qiscet",
        "alias": "Ins",
        "meta": "@Institution-category",
        "userDefined": false
      },
      {
        "text": " ",
        "userDefined": false
      },
      {
        "text": "full form",
        "alias": "fullforms",
        "meta": "@fullforms",
        "userDefined": false
      }
    ],
    "isTemplate": false,
    "count": 0,
    "updated": 1523713824
  },
  {
    "id": "f241a2cc-aed1-499c-958f-392f7728f09c",
    "data": [
      {
        "text": "QISIT",
        "alias": "Ins",
        "meta": "@Institution-category",
        "userDefined": false
      },
      {
        "text": " ",
        "userDefined": false
      },
      {
        "text": "abbreviation",
        "alias": "fullforms",
        "meta": "@fullforms",
        "userDefined": false
      }
    ],
    "isTemplate": false,
    "count": 0,
    "updated": 1523713824
  },
  {
    "id": "b15a5271-84f9-493a-86ac-4d6dfcfe5fcd",
    "data": [
      {
        "text": "QIS",
        "alias": "Ins",
        "meta": "@Institution-category",
        "userDefined": false
      },
      {
        "text": " ",
        "userDefined": false
      },
      {
        "text": "fullform",
        "alias": "fullforms",
        "meta": "@fullforms",
        "userDefined": false
      }
    ],
    "isTemplate": false,
    "count": 0,
    "updated": 1523713824
  },
  {
    "id": "331dc02c-c10d-4a13-b4e6-c48f01374ef5",
    "data": [
      {
        "text": "qisit",
        "alias": "Ins",
        "meta": "@Institution-category",
        "userDefined": false
      },
      {
        "text": " ",
        "userDefined": false
      },
      {
        "text": "full form",
        "alias": "fullforms",
        "meta": "@fullforms",
        "userDefined": false
      }
    ],
    "isTemplate": false,
    "count": 0,
    "updated": 1523713824
  }
]